{
  "mae": 15987586.0,
  "mse": 425001610117120.0,
  "rmse": 20615567.179127526,
  "mape_percent": 5621047038574592.0,
  "r2": 0.00045615434646606445
}