{
  "loss": 0.0025342334993183613,
  "mae": 0.02870599552989006,
  "val_loss": 0.0034500493202358484,
  "val_mae": 0.028185337781906128
}